<OrganizedData><Folder Name="Unassigned" Expanded="True" FolderType="0"><Folder Name="Windows" Expanded="True" FolderType="1"><Window Name="Drugi_plan" Index="2" Desc="" Template_Window="False" IsModern="False"></Window><Window Name="Pierwszy_plan" Index="1" Desc="" Template_Window="False" IsModern="False"></Window></Folder><Folder Name="Scripts" Expanded="True" FolderType="2"><Script Name="kat == 360" Type="Condition Script"></Script></Folder></Folder><Folder Name="Template Windows" Expanded="False" FolderType="4"></Folder><Folder Name="Backup Windows" Expanded="False" FolderType="5"></Folder></OrganizedData>
